sigma,q,conv_lift_pp,clv_lift
0.45,0.05,0.6667126530414097,-28.490946726549055
0.45,0.1,1.4879067922972529,12.756982256926676
0.45,0.15,1.9410856875204385,37.517772648760456
0.45,0.2,2.2186787760908047,54.341132906180974
0.45,0.25,2.385341245282352,66.10370773465456
0.45,0.3,2.4710832661216515,74.13916753823503
0.45,0.35,2.4911430763148115,79.13037255421955
0.45,0.4,2.454049391083249,81.45080482690003
0.45,0.45,2.3642872897366276,81.29291841263353
0.45,0.5,2.2232027211551624,78.70137837366372
0.45,0.55,2.029959591787314,73.61817317141106
0.45,0.6,1.7816298922325142,65.90780357181677
0.45,0.65,1.4725296489231599,55.28191698082105
0.45,0.7,1.092798231611039,41.24327844842276
0.45,0.75,0.6273483396662782,23.046698230939683
0.45,0.8,0.05174105844766019,-0.5244231665468533
0.45,0.85,-0.6771766766033666,-31.641451912804655
0.45,0.9,-1.6470606083173882,-74.72745437887681
0.45,0.95,-3.090990113686165,-141.66714925301915
0.35,0.05,1.6186805733436311,24.534601059732722
0.35,0.1,2.1797786133814165,53.26660448017071
0.35,0.15,2.478976037704836,69.70938509285816
0.35,0.2,2.656185949942011,80.40519794321335
0.35,0.25,2.757427584644703,87.52032704524242
0.35,0.3,2.80318044682466,92.02713585322795
0.35,0.35,2.804029195444832,94.43219007313701
0.35,0.4,2.765553027684611,95.00411457985126
0.35,0.45,2.6902299561213066,93.85063493255291
0.35,0.5,2.5784071575318865,91.0068424867593
0.35,0.55,2.4288863447362585,86.42687478551818
0.35,0.6,2.238504521125911,79.97525073747977
0.35,0.65,2.001493933548687,71.381570678598
0.35,0.7,1.7089537369482544,60.238373745821946
0.35,0.75,1.3468956575972886,45.91402701131574
0.35,0.8,0.8922935942942384,27.359475748437376
0.35,0.85,0.3032380538164098,2.637181826963115
0.35,0.9,-0.5091186747979232,-32.397213156568455
0.35,0.95,-1.7971895138450127,-89.61226928204496
0.25,0.05,2.4442829276752622,70.02776237894716
0.25,0.1,2.79155122906328,87.80209691258574
0.25,0.15,2.973687444839948,97.64942862881253
0.25,0.2,3.079746107358078,103.85338390251786
0.25,0.25,3.1385657050970046,107.80752232272766
0.25,0.3,3.16284525273296,110.12552638056775
0.25,0.35,3.159033687681925,111.12988179217427
0.25,0.4,3.1304296679414145,110.98263041128257
0.25,0.45,3.0784812342849355,109.76110417003974
0.25,0.5,3.003254787535428,107.47375421598872
0.25,0.55,2.9036207966756904,104.07509865813915
0.25,0.6,2.7770902925479843,99.45948437304162
0.25,0.65,2.6195905588262764,93.4453461898712
0.25,0.7,2.4247724976796614,85.76087423177523
0.25,0.75,2.1824367431453355,75.95177764095808
0.25,0.8,1.8753840636449026,63.253942465487285
0.25,0.85,1.4719367786434594,46.25362297345566
0.25,0.9,0.9026258787599079,21.83349297340294
0.25,0.95,-0.042792035016897545,-19.421282961922543
0.15,0.05,3.1646283327716045,108.46203508550605
0.15,0.1,3.3424509948800667,117.39252925522715
0.15,0.15,3.435747198608119,122.26294881492106
0.15,0.2,3.489852093212256,125.25812971205335
0.15,0.25,3.5196544765407207,127.1023685773556
0.15,0.3,3.5317351329876208,128.11554701093792
0.15,0.35,3.529343280706482,128.45535055210792
0.15,0.4,3.5141180836785773,128.20163022986264
0.15,0.45,3.486753255379682,127.39157644262491
0.15,0.5,3.447227847533618,126.02882554354142
0.15,0.55,3.3950008917465606,124.09348263404934
0.15,0.6,3.328762283544209,121.52798966121384
0.15,0.65,3.2464062520026706,118.24308975951374
0.15,0.7,3.1446925863651636,114.09538662334046
0.15,0.75,3.0181900871610186,108.84148633308621
0.15,0.8,2.8577834402987086,102.07668654893405
0.15,0.85,2.6465666180979674,93.04971060382536
0.15,0.9,2.3474895884194655,80.11499272921208
0.15,0.95,1.845772899214232,58.16430875777803
